ID,cap,init,target,min,max,in,out,Pmin,Pmax,chg_eff,dchg_eff
0,72.6,0.8,0.75,0.05,0.95,50400,129600,-5,11,90,90
1,72.6,0.8,0.75,0.05,0.95,32400,57600,-5,11,90,90
2,72.6,0.4,0.75,0.05,0.95,64800,72000,-5,11,90,90
3,72.6,0.6,0.75,0.05,0.95,75600,154800,-5,11,90,90
4,72.6,0.4,0.75,0.05,0.95,36000,108000,-5,11,90,90
5,72.6,0.4,0.75,0.05,0.95,54000,140400,-5,11,90,90
6,72.6,0.3,0.75,0.05,0.95,68400,118800,-5,11,90,90
7,72.6,0.3,0.75,0.05,0.95,68400,151200,-5,11,90,90
8,72.6,0.5,0.75,0.05,0.95,54000,57600,-5,11,90,90
9,72.6,0.3,0.75,0.05,0.95,54000,129600,-5,11,90,90
10,72.6,0.8,0.75,0.05,0.95,57600,126000,-5,11,90,90
11,72.6,1,0.75,0.05,0.95,43200,118800,-5,11,90,90
12,72.6,0.5,0.75,0.05,0.95,50400,122400,-5,11,90,90
13,72.6,0.5,0.75,0.05,0.95,28800,39600,-5,11,90,90
14,72.6,0.2,0.75,0.05,0.95,75600,129600,-5,11,90,90
15,72.6,0.3,0.75,0.05,0.95,46800,72000,-5,11,90,90
16,72.6,0.7,0.75,0.05,0.95,46800,68400,-5,11,90,90
17,72.6,0.6,0.75,0.05,0.95,86400,93600,-5,11,90,90
18,72.6,0.6,0.75,0.05,0.95,32400,57600,-5,11,90,90
19,72.6,0.6,0.75,0.05,0.95,32400,61200,-5,11,90,90
20,72.6,0.8,0.75,0.05,0.95,68400,147600,-5,11,90,90
21,72.6,0.4,0.75,0.05,0.95,75600,111600,-5,11,90,90
22,72.6,0.3,0.75,0.05,0.95,28800,115200,-5,11,90,90
23,72.6,0.9,0.75,0.05,0.95,46800,118800,-5,11,90,90
24,72.6,0.6,0.75,0.05,0.95,57600,118800,-5,11,90,90
25,72.6,0.8,0.75,0.05,0.95,50400,115200,-5,11,90,90
26,72.6,0.7,0.75,0.05,0.95,50400,115200,-5,11,90,90
27,72.6,0.3,0.75,0.05,0.95,46800,68400,-5,11,90,90
28,72.6,0.8,0.75,0.05,0.95,36000,61200,-5,11,90,90
29,72.6,0.3,0.75,0.05,0.95,32400,64800,-5,11,90,90
30,72.6,0.4,0.75,0.05,0.95,36000,57600,-5,11,90,90
31,72.6,0.6,0.75,0.05,0.95,75600,118800,-5,11,90,90
32,72.6,0.3,0.75,0.05,0.95,43200,126000,-5,11,90,90
33,72.6,0.5,0.75,0.05,0.95,28800,43200,-5,11,90,90
34,72.6,0.8,0.75,0.05,0.95,43200,115200,-5,11,90,90
35,72.6,0.5,0.75,0.05,0.95,50400,115200,-5,11,90,90
36,72.6,0.8,0.75,0.05,0.95,54000,118800,-5,11,90,90
37,72.6,0.3,0.75,0.05,0.95,28800,39600,-5,11,90,90
38,72.6,0.8,0.75,0.05,0.95,46800,118800,-5,11,90,90
39,72.6,0.8,0.75,0.05,0.95,46800,118800,-5,11,90,90
40,72.6,0.5,0.75,0.05,0.95,46800,115200,-5,11,90,90
41,72.6,0.3,0.75,0.05,0.95,61200,126000,-5,11,90,90
42,72.6,0.7,0.75,0.05,0.95,79200,129600,-5,11,90,90
43,72.6,0.8,0.75,0.05,0.95,64800,68400,-5,11,90,90
44,72.6,0.4,0.75,0.05,0.95,50400,54000,-5,11,90,90
45,72.6,0.3,0.75,0.05,0.95,57600,144000,-5,11,90,90
46,72.6,0.6,0.75,0.05,0.95,75600,140400,-5,11,90,90
47,72.6,0.3,0.75,0.05,0.95,50400,118800,-5,11,90,90
48,72.6,0.8,0.75,0.05,0.95,43200,61200,-5,11,90,90
49,72.6,0.8,0.75,0.05,0.95,39600,126000,-5,11,90,90
50,72.6,0.8,0.75,0.05,0.95,46800,64800,-5,11,90,90
51,72.6,0.9,0.75,0.05,0.95,50400,111600,-5,11,90,90
52,72.6,0.7,0.75,0.05,0.95,61200,64800,-5,11,90,90
53,72.6,0.6,0.75,0.05,0.95,57600,136800,-5,11,90,90
54,72.6,0.4,0.75,0.05,0.95,43200,129600,-5,11,90,90
55,72.6,0.3,0.75,0.05,0.95,43200,122400,-5,11,90,90
56,72.6,0.7,0.75,0.05,0.95,36000,57600,-5,11,90,90
57,72.6,0.4,0.75,0.05,0.95,50400,64800,-5,11,90,90
58,72.6,0.9,0.75,0.05,0.95,50400,122400,-5,11,90,90
59,72.6,0.7,0.75,0.05,0.95,68400,122400,-5,11,90,90
60,72.6,0.3,0.75,0.05,0.95,72000,118800,-5,11,90,90
61,72.6,0.5,0.75,0.05,0.95,68400,151200,-5,11,90,90
62,72.6,0.6,0.75,0.05,0.95,43200,57600,-5,11,90,90
63,72.6,0.7,0.75,0.05,0.95,72000,151200,-5,11,90,90
64,72.6,0.3,0.75,0.05,0.95,46800,50400,-5,11,90,90
65,72.6,0.6,0.75,0.05,0.95,36000,118800,-5,11,90,90
66,72.6,0.8,0.75,0.05,0.95,50400,72000,-5,11,90,90
67,72.6,0.7,0.75,0.05,0.95,68400,136800,-5,11,90,90
68,72.6,0.9,0.75,0.05,0.95,46800,118800,-5,11,90,90
69,72.6,0.7,0.75,0.05,0.95,39600,43200,-5,11,90,90
70,72.6,0.2,0.75,0.05,0.95,25200,32400,-5,11,90,90
71,72.6,0.9,0.75,0.05,0.95,50400,57600,-5,11,90,90
72,72.6,0.9,0.75,0.05,0.95,64800,133200,-5,11,90,90
73,72.6,0.5,0.75,0.05,0.95,32400,118800,-5,11,90,90
74,72.6,0.7,0.75,0.05,0.95,61200,126000,-5,11,90,90
75,72.6,0.2,0.75,0.05,0.95,75600,151200,-5,11,90,90
76,72.6,0.3,0.75,0.05,0.95,50400,122400,-5,11,90,90
77,72.6,0.4,0.75,0.05,0.95,39600,111600,-5,11,90,90
78,72.6,0.9,0.75,0.05,0.95,72000,151200,-5,11,90,90
79,72.6,0.4,0.75,0.05,0.95,50400,133200,-5,11,90,90
80,72.6,0.4,0.75,0.05,0.95,46800,111600,-5,11,90,90
81,72.6,0.7,0.75,0.05,0.95,61200,147600,-5,11,90,90
82,72.6,0.5,0.75,0.05,0.95,36000,57600,-5,11,90,90
83,72.6,0.6,0.75,0.05,0.95,46800,68400,-5,11,90,90
84,72.6,0.8,0.75,0.05,0.95,28800,115200,-5,11,90,90
85,72.6,0.8,0.75,0.05,0.95,79200,122400,-5,11,90,90
86,72.6,0.7,0.75,0.05,0.95,57600,140400,-5,11,90,90
87,72.6,0.4,0.75,0.05,0.95,61200,147600,-5,11,90,90
88,72.6,0.4,0.75,0.05,0.95,72000,118800,-5,11,90,90
89,72.6,0.4,0.75,0.05,0.95,36000,39600,-5,11,90,90
90,72.6,0.7,0.75,0.05,0.95,36000,64800,-5,11,90,90
91,72.6,0.3,0.75,0.05,0.95,54000,68400,-5,11,90,90
92,72.6,0.8,0.75,0.05,0.95,54000,118800,-5,11,90,90
93,72.6,0.7,0.75,0.05,0.95,50400,115200,-5,11,90,90
94,72.6,0.3,0.75,0.05,0.95,72000,158400,-5,11,90,90
95,72.6,0.5,0.75,0.05,0.95,54000,118800,-5,11,90,90
96,72.6,0.9,0.75,0.05,0.95,28800,54000,-5,11,90,90
97,72.6,0.3,0.75,0.05,0.95,32400,57600,-5,11,90,90
98,72.6,0.6,0.75,0.05,0.95,68400,154800,-5,11,90,90
99,72.6,0.5,0.75,0.05,0.95,39600,64800,-5,11,90,90
100,72.6,0.3,0.75,0.05,0.95,28800,111600,-5,11,90,90
101,72.6,0.5,0.75,0.05,0.95,68400,122400,-5,11,90,90
102,72.6,0.7,0.75,0.05,0.95,25200,28800,-5,11,90,90
103,72.6,0.1,0.75,0.05,0.95,72000,126000,-5,11,90,90
104,72.6,0.4,0.75,0.05,0.95,39600,68400,-5,11,90,90
105,72.6,0.8,0.75,0.05,0.95,43200,50400,-5,11,90,90
106,72.6,1,0.75,0.05,0.95,57600,140400,-5,11,90,90
107,72.6,0.5,0.75,0.05,0.95,75600,154800,-5,11,90,90
108,72.6,0.4,0.75,0.05,0.95,68400,129600,-5,11,90,90
109,72.6,0.8,0.75,0.05,0.95,57600,144000,-5,11,90,90
110,72.6,0.3,0.75,0.05,0.95,72000,129600,-5,11,90,90
111,72.6,0.6,0.75,0.05,0.95,39600,43200,-5,11,90,90
112,72.6,1,0.75,0.05,0.95,25200,39600,-5,11,90,90
113,72.6,0.3,0.75,0.05,0.95,72000,158400,-5,11,90,90
114,72.6,0.5,0.75,0.05,0.95,68400,75600,-5,11,90,90
115,72.6,0.3,0.75,0.05,0.95,43200,118800,-5,11,90,90
116,72.6,0.7,0.75,0.05,0.95,72000,122400,-5,11,90,90
117,72.6,0.7,0.75,0.05,0.95,54000,115200,-5,11,90,90
118,72.6,0.5,0.75,0.05,0.95,25200,46800,-5,11,90,90
119,72.6,0.5,0.75,0.05,0.95,68400,151200,-5,11,90,90
120,72.6,0.3,0.75,0.05,0.95,61200,126000,-5,11,90,90
121,72.6,0.4,0.75,0.05,0.95,39600,118800,-5,11,90,90
122,72.6,0.1,0.75,0.05,0.95,57600,126000,-5,11,90,90
123,72.6,0.2,0.75,0.05,0.95,32400,86400,-5,11,90,90
124,72.6,0.7,0.75,0.05,0.95,79200,136800,-5,11,90,90
125,72.6,0.5,0.75,0.05,0.95,36000,50400,-5,11,90,90
126,72.6,0.8,0.75,0.05,0.95,75600,133200,-5,11,90,90
127,72.6,0.4,0.75,0.05,0.95,54000,111600,-5,11,90,90
128,72.6,0.4,0.75,0.05,0.95,68400,140400,-5,11,90,90
129,72.6,0.9,0.75,0.05,0.95,79200,136800,-5,11,90,90
130,72.6,0.8,0.75,0.05,0.95,72000,140400,-5,11,90,90
131,72.6,0.2,0.75,0.05,0.95,50400,129600,-5,11,90,90
132,72.6,0.4,0.75,0.05,0.95,32400,64800,-5,11,90,90
133,72.6,0.9,0.75,0.05,0.95,36000,118800,-5,11,90,90
134,72.6,0.3,0.75,0.05,0.95,50400,57600,-5,11,90,90
135,72.6,0.7,0.75,0.05,0.95,57600,118800,-5,11,90,90
136,72.6,0.9,0.75,0.05,0.95,61200,118800,-5,11,90,90
137,72.6,0.3,0.75,0.05,0.95,39600,61200,-5,11,90,90
138,72.6,0.2,0.75,0.05,0.95,61200,118800,-5,11,90,90
139,72.6,0.2,0.75,0.05,0.95,50400,54000,-5,11,90,90
140,72.6,0.6,0.75,0.05,0.95,82800,126000,-5,11,90,90
141,72.6,0.6,0.75,0.05,0.95,64800,79200,-5,11,90,90
142,72.6,0.9,0.75,0.05,0.95,57600,140400,-5,11,90,90
143,72.6,0.4,0.75,0.05,0.95,39600,61200,-5,11,90,90
144,72.6,0.3,0.75,0.05,0.95,32400,118800,-5,11,90,90
145,72.6,0.3,0.75,0.05,0.95,64800,144000,-5,11,90,90
146,72.6,0.6,0.75,0.05,0.95,54000,122400,-5,11,90,90
147,72.6,0.8,0.75,0.05,0.95,64800,140400,-5,11,90,90
148,72.6,0.5,0.75,0.05,0.95,57600,115200,-5,11,90,90
149,72.6,0.2,0.75,0.05,0.95,61200,115200,-5,11,90,90
150,72.6,0.1,0.75,0.05,0.95,64800,72000,-5,11,90,90
151,72.6,0.9,0.75,0.05,0.95,50400,118800,-5,11,90,90
152,72.6,0.8,0.75,0.05,0.95,39600,126000,-5,11,90,90
153,72.6,0.4,0.75,0.05,0.95,32400,54000,-5,11,90,90
154,72.6,0.6,0.75,0.05,0.95,72000,118800,-5,11,90,90
155,72.6,0.7,0.75,0.05,0.95,39600,61200,-5,11,90,90
156,72.6,0.3,0.75,0.05,0.95,64800,144000,-5,11,90,90
157,72.6,0.2,0.75,0.05,0.95,28800,57600,-5,11,90,90
158,72.6,0.2,0.75,0.05,0.95,64800,118800,-5,11,90,90
159,72.6,0.1,0.75,0.05,0.95,68400,151200,-5,11,90,90
160,72.6,0.6,0.75,0.05,0.95,61200,140400,-5,11,90,90
161,72.6,0.6,0.75,0.05,0.95,75600,129600,-5,11,90,90
162,72.6,0.4,0.75,0.05,0.95,64800,136800,-5,11,90,90
163,72.6,0.4,0.75,0.05,0.95,82800,162000,-5,11,90,90
164,72.6,0.1,0.75,0.05,0.95,32400,57600,-5,11,90,90
165,72.6,0.7,0.75,0.05,0.95,61200,144000,-5,11,90,90
166,72.6,0.6,0.75,0.05,0.95,57600,118800,-5,11,90,90
167,72.6,0.8,0.75,0.05,0.95,57600,61200,-5,11,90,90
168,72.6,0.3,0.75,0.05,0.95,28800,32400,-5,11,90,90
169,72.6,0.9,0.75,0.05,0.95,68400,133200,-5,11,90,90
170,72.6,0.8,0.75,0.05,0.95,50400,122400,-5,11,90,90
171,72.6,0.6,0.75,0.05,0.95,64800,68400,-5,11,90,90
172,72.6,0.2,0.75,0.05,0.95,57600,140400,-5,11,90,90
173,72.6,0.8,0.75,0.05,0.95,50400,118800,-5,11,90,90
174,72.6,0.9,0.75,0.05,0.95,50400,133200,-5,11,90,90
175,72.6,0.8,0.75,0.05,0.95,43200,129600,-5,11,90,90
176,72.6,0.4,0.75,0.05,0.95,54000,115200,-5,11,90,90
177,72.6,0.2,0.75,0.05,0.95,39600,64800,-5,11,90,90
178,72.6,0.1,0.75,0.05,0.95,25200,46800,-5,11,90,90
179,72.6,0.6,0.75,0.05,0.95,75600,144000,-5,11,90,90
180,72.6,1,0.75,0.05,0.95,28800,54000,-5,11,90,90
181,72.6,0.5,0.75,0.05,0.95,43200,54000,-5,11,90,90
182,72.6,0.8,0.75,0.05,0.95,54000,133200,-5,11,90,90
183,72.6,0.7,0.75,0.05,0.95,46800,122400,-5,11,90,90
184,72.6,1,0.75,0.05,0.95,61200,64800,-5,11,90,90
185,72.6,0.7,0.75,0.05,0.95,50400,61200,-5,11,90,90
186,72.6,0.4,0.75,0.05,0.95,64800,122400,-5,11,90,90
187,72.6,0.9,0.75,0.05,0.95,75600,136800,-5,11,90,90
188,72.6,0.8,0.75,0.05,0.95,68400,129600,-5,11,90,90
189,72.6,0.4,0.75,0.05,0.95,39600,111600,-5,11,90,90
190,72.6,0.3,0.75,0.05,0.95,46800,115200,-5,11,90,90
191,72.6,0.4,0.75,0.05,0.95,68400,126000,-5,11,90,90
192,72.6,0.9,0.75,0.05,0.95,64800,133200,-5,11,90,90
193,72.6,0.4,0.75,0.05,0.95,46800,129600,-5,11,90,90
194,72.6,0.4,0.75,0.05,0.95,46800,122400,-5,11,90,90
195,72.6,0.1,0.75,0.05,0.95,21600,28800,-5,11,90,90
196,72.6,0.5,0.75,0.05,0.95,68400,147600,-5,11,90,90
197,72.6,0.6,0.75,0.05,0.95,43200,82800,-5,11,90,90
198,72.6,0.3,0.75,0.05,0.95,57600,140400,-5,11,90,90
199,72.6,0.4,0.75,0.05,0.95,50400,108000,-5,11,90,90
200,72.6,0.3,0.75,0.05,0.95,57600,64800,-5,11,90,90
201,72.6,0.1,0.75,0.05,0.95,64800,72000,-5,11,90,90
202,72.6,0.8,0.75,0.05,0.95,28800,39600,-5,11,90,90
203,72.6,0.2,0.75,0.05,0.95,32400,61200,-5,11,90,90
204,72.6,0.9,0.75,0.05,0.95,72000,151200,-5,11,90,90
205,72.6,0.8,0.75,0.05,0.95,50400,111600,-5,11,90,90
206,72.6,0.7,0.75,0.05,0.95,39600,122400,-5,11,90,90
207,72.6,0.2,0.75,0.05,0.95,32400,54000,-5,11,90,90
208,72.6,0.8,0.75,0.05,0.95,68400,147600,-5,11,90,90
209,72.6,0.9,0.75,0.05,0.95,82800,126000,-5,11,90,90
210,72.6,0.4,0.75,0.05,0.95,43200,111600,-5,11,90,90
211,72.6,0.4,0.75,0.05,0.95,46800,122400,-5,11,90,90
212,72.6,0.2,0.75,0.05,0.95,64800,129600,-5,11,90,90
213,72.6,0.6,0.75,0.05,0.95,54000,126000,-5,11,90,90
214,72.6,0.3,0.75,0.05,0.95,72000,151200,-5,11,90,90
215,72.6,0.2,0.75,0.05,0.95,64800,140400,-5,11,90,90
216,72.6,0.9,0.75,0.05,0.95,64800,151200,-5,11,90,90
217,72.6,0.7,0.75,0.05,0.95,32400,61200,-5,11,90,90
218,72.6,0.8,0.75,0.05,0.95,43200,57600,-5,11,90,90
219,72.6,0.4,0.75,0.05,0.95,39600,57600,-5,11,90,90
220,72.6,0.3,0.75,0.05,0.95,61200,68400,-5,11,90,90
221,72.6,0.3,0.75,0.05,0.95,64800,144000,-5,11,90,90
222,72.6,0.8,0.75,0.05,0.95,50400,111600,-5,11,90,90
223,72.6,0.8,0.75,0.05,0.95,61200,122400,-5,11,90,90
224,72.6,0.7,0.75,0.05,0.95,50400,57600,-5,11,90,90
225,72.6,0.8,0.75,0.05,0.95,64800,72000,-5,11,90,90
226,72.6,1,0.75,0.05,0.95,43200,57600,-5,11,90,90
227,72.6,0.8,0.75,0.05,0.95,32400,64800,-5,11,90,90
228,72.6,0.4,0.75,0.05,0.95,39600,46800,-5,11,90,90
229,72.6,0.6,0.75,0.05,0.95,32400,36000,-5,11,90,90
230,72.6,0.4,0.75,0.05,0.95,75600,158400,-5,11,90,90
231,72.6,0.7,0.75,0.05,0.95,75600,111600,-5,11,90,90
232,72.6,0.5,0.75,0.05,0.95,64800,151200,-5,11,90,90
233,72.6,0.9,0.75,0.05,0.95,50400,122400,-5,11,90,90
234,72.6,0.3,0.75,0.05,0.95,43200,118800,-5,11,90,90
235,72.6,0.4,0.75,0.05,0.95,64800,147600,-5,11,90,90
236,72.6,0.6,0.75,0.05,0.95,61200,129600,-5,11,90,90
237,72.6,0.7,0.75,0.05,0.95,57600,61200,-5,11,90,90
238,72.6,0.4,0.75,0.05,0.95,39600,122400,-5,11,90,90
239,72.6,0.3,0.75,0.05,0.95,57600,126000,-5,11,90,90
240,72.6,0.2,0.75,0.05,0.95,32400,115200,-5,11,90,90
241,72.6,0.3,0.75,0.05,0.95,39600,122400,-5,11,90,90
242,72.6,0.7,0.75,0.05,0.95,39600,122400,-5,11,90,90
243,72.6,0.7,0.75,0.05,0.95,79200,129600,-5,11,90,90
244,72.6,0.9,0.75,0.05,0.95,64800,147600,-5,11,90,90
245,72.6,0.7,0.75,0.05,0.95,50400,133200,-5,11,90,90
246,72.6,0.6,0.75,0.05,0.95,32400,115200,-5,11,90,90
247,72.6,0.9,0.75,0.05,0.95,54000,118800,-5,11,90,90
248,72.6,0.7,0.75,0.05,0.95,36000,57600,-5,11,90,90
249,72.6,0.4,0.75,0.05,0.95,43200,54000,-5,11,90,90
250,72.6,0.1,0.75,0.05,0.95,68400,147600,-5,11,90,90
251,72.6,0.7,0.75,0.05,0.95,32400,36000,-5,11,90,90
252,72.6,0.6,0.75,0.05,0.95,43200,111600,-5,11,90,90
253,72.6,0.7,0.75,0.05,0.95,39600,54000,-5,11,90,90
254,72.6,0.8,0.75,0.05,0.95,50400,64800,-5,11,90,90
255,72.6,0.4,0.75,0.05,0.95,68400,151200,-5,11,90,90
256,72.6,0.6,0.75,0.05,0.95,46800,54000,-5,11,90,90
257,72.6,0.7,0.75,0.05,0.95,54000,140400,-5,11,90,90
258,72.6,0.8,0.75,0.05,0.95,28800,39600,-5,11,90,90
259,72.6,0.7,0.75,0.05,0.95,32400,54000,-5,11,90,90
260,72.6,0.4,0.75,0.05,0.95,3600,82800,-5,11,90,90
261,72.6,0.4,0.75,0.05,0.95,64800,72000,-5,11,90,90
262,72.6,0.3,0.75,0.05,0.95,28800,50400,-5,11,90,90
263,72.6,0.7,0.75,0.05,0.95,43200,126000,-5,11,90,90
264,72.6,0.8,0.75,0.05,0.95,32400,64800,-5,11,90,90
265,72.6,0.4,0.75,0.05,0.95,28800,115200,-5,11,90,90
266,72.6,0.9,0.75,0.05,0.95,39600,118800,-5,11,90,90
267,72.6,0.1,0.75,0.05,0.95,57600,140400,-5,11,90,90
268,72.6,0.8,0.75,0.05,0.95,46800,108000,-5,11,90,90
269,72.6,0.7,0.75,0.05,0.95,28800,68400,-5,11,90,90
270,72.6,0.9,0.75,0.05,0.95,50400,68400,-5,11,90,90
271,72.6,0.2,0.75,0.05,0.95,68400,154800,-5,11,90,90
272,72.6,0.7,0.75,0.05,0.95,25200,108000,-5,11,90,90
273,72.6,0.1,0.75,0.05,0.95,72000,118800,-5,11,90,90
274,72.6,0.2,0.75,0.05,0.95,25200,32400,-5,11,90,90
275,72.6,0.7,0.75,0.05,0.95,32400,36000,-5,11,90,90
276,72.6,0.3,0.75,0.05,0.95,61200,147600,-5,11,90,90
277,72.6,0.8,0.75,0.05,0.95,46800,118800,-5,11,90,90
278,72.6,0.3,0.75,0.05,0.95,54000,118800,-5,11,90,90
279,72.6,0.6,0.75,0.05,0.95,64800,72000,-5,11,90,90
280,72.6,0.4,0.75,0.05,0.95,68400,129600,-5,11,90,90
281,72.6,0.3,0.75,0.05,0.95,32400,61200,-5,11,90,90
282,72.6,0.6,0.75,0.05,0.95,64800,118800,-5,11,90,90
283,72.6,0.2,0.75,0.05,0.95,68400,151200,-5,11,90,90
284,72.6,0.8,0.75,0.05,0.95,46800,64800,-5,11,90,90
285,72.6,0.3,0.75,0.05,0.95,50400,57600,-5,11,90,90
286,72.6,0.6,0.75,0.05,0.95,68400,147600,-5,11,90,90
287,72.6,0.2,0.75,0.05,0.95,54000,57600,-5,11,90,90
288,72.6,0.5,0.75,0.05,0.95,28800,46800,-5,11,90,90
289,72.6,0.2,0.75,0.05,0.95,50400,61200,-5,11,90,90
290,72.6,0.7,0.75,0.05,0.95,39600,61200,-5,11,90,90
291,72.6,0.9,0.75,0.05,0.95,36000,111600,-5,11,90,90
292,72.6,0.5,0.75,0.05,0.95,61200,126000,-5,11,90,90
293,72.6,0.5,0.75,0.05,0.95,46800,118800,-5,11,90,90
294,72.6,0.8,0.75,0.05,0.95,50400,61200,-5,11,90,90
295,72.6,0.5,0.75,0.05,0.95,32400,86400,-5,11,90,90
296,72.6,0.4,0.75,0.05,0.95,32400,46800,-5,11,90,90
297,72.6,0.5,0.75,0.05,0.95,57600,140400,-5,11,90,90
298,72.6,0.6,0.75,0.05,0.95,50400,115200,-5,11,90,90
299,72.6,0.7,0.75,0.05,0.95,36000,64800,-5,11,90,90
300,72.6,0.3,0.75,0.05,0.95,79200,158400,-5,11,90,90
301,72.6,0.6,0.75,0.05,0.95,64800,151200,-5,11,90,90
302,72.6,0.9,0.75,0.05,0.95,64800,126000,-5,11,90,90
303,72.6,0.8,0.75,0.05,0.95,46800,108000,-5,11,90,90
304,72.6,0.5,0.75,0.05,0.95,46800,115200,-5,11,90,90
305,72.6,0.5,0.75,0.05,0.95,68400,118800,-5,11,90,90
306,72.6,0.3,0.75,0.05,0.95,61200,144000,-5,11,90,90
307,72.6,0.6,0.75,0.05,0.95,39600,118800,-5,11,90,90
308,72.6,0.6,0.75,0.05,0.95,32400,64800,-5,11,90,90
309,72.6,0.8,0.75,0.05,0.95,54000,129600,-5,11,90,90
310,72.6,0.4,0.75,0.05,0.95,28800,43200,-5,11,90,90
311,72.6,0.4,0.75,0.05,0.95,54000,133200,-5,11,90,90
312,72.6,0.6,0.75,0.05,0.95,68400,136800,-5,11,90,90
313,72.6,0.3,0.75,0.05,0.95,64800,126000,-5,11,90,90
314,72.6,0.8,0.75,0.05,0.95,75600,122400,-5,11,90,90
315,72.6,0.6,0.75,0.05,0.95,54000,136800,-5,11,90,90
316,72.6,0.6,0.75,0.05,0.95,43200,64800,-5,11,90,90
317,72.6,0.7,0.75,0.05,0.95,39600,57600,-5,11,90,90
318,72.6,0.7,0.75,0.05,0.95,43200,50400,-5,11,90,90
319,72.6,0.4,0.75,0.05,0.95,75600,126000,-5,11,90,90
320,72.6,1,0.75,0.05,0.95,28800,90000,-5,11,90,90
321,72.6,0.4,0.75,0.05,0.95,39600,68400,-5,11,90,90
322,72.6,1,0.75,0.05,0.95,68400,75600,-5,11,90,90
323,72.6,0.7,0.75,0.05,0.95,39600,118800,-5,11,90,90
324,72.6,0.8,0.75,0.05,0.95,36000,93600,-5,11,90,90
325,72.6,0.9,0.75,0.05,0.95,43200,115200,-5,11,90,90
326,72.6,0.3,0.75,0.05,0.95,57600,122400,-5,11,90,90
327,72.6,0.8,0.75,0.05,0.95,36000,115200,-5,11,90,90
328,72.6,0.6,0.75,0.05,0.95,68400,75600,-5,11,90,90
329,72.6,0.5,0.75,0.05,0.95,75600,154800,-5,11,90,90
330,72.6,0.3,0.75,0.05,0.95,28800,36000,-5,11,90,90
331,72.6,0.3,0.75,0.05,0.95,43200,64800,-5,11,90,90
332,72.6,0.2,0.75,0.05,0.95,36000,118800,-5,11,90,90
333,72.6,0.4,0.75,0.05,0.95,57600,140400,-5,11,90,90
334,72.6,0.7,0.75,0.05,0.95,25200,28800,-5,11,90,90
335,72.6,0.1,0.75,0.05,0.95,64800,126000,-5,11,90,90
336,72.6,0.8,0.75,0.05,0.95,50400,115200,-5,11,90,90
337,72.6,0.9,0.75,0.05,0.95,46800,118800,-5,11,90,90
338,72.6,0.5,0.75,0.05,0.95,72000,154800,-5,11,90,90
339,72.6,0.2,0.75,0.05,0.95,36000,57600,-5,11,90,90
340,72.6,0.7,0.75,0.05,0.95,46800,68400,-5,11,90,90
341,72.6,0.4,0.75,0.05,0.95,64800,129600,-5,11,90,90
342,72.6,0.9,0.75,0.05,0.95,32400,64800,-5,11,90,90
343,72.6,0.9,0.75,0.05,0.95,61200,136800,-5,11,90,90
344,72.6,0.8,0.75,0.05,0.95,28800,39600,-5,11,90,90
345,72.6,0.4,0.75,0.05,0.95,79200,133200,-5,11,90,90
346,72.6,0.2,0.75,0.05,0.95,57600,118800,-5,11,90,90
347,72.6,0.4,0.75,0.05,0.95,57600,126000,-5,11,90,90
348,72.6,0.7,0.75,0.05,0.95,36000,64800,-5,11,90,90
349,72.6,0.1,0.75,0.05,0.95,79200,126000,-5,11,90,90
350,72.6,0.7,0.75,0.05,0.95,68400,118800,-5,11,90,90
351,72.6,0.9,0.75,0.05,0.95,64800,151200,-5,11,90,90
352,72.6,0.8,0.75,0.05,0.95,32400,61200,-5,11,90,90
353,72.6,0.9,0.75,0.05,0.95,50400,64800,-5,11,90,90
354,72.6,0.7,0.75,0.05,0.95,28800,39600,-5,11,90,90
355,72.6,0.6,0.75,0.05,0.95,50400,57600,-5,11,90,90
356,72.6,0.7,0.75,0.05,0.95,54000,68400,-5,11,90,90
357,72.6,0.9,0.75,0.05,0.95,64800,118800,-5,11,90,90
358,72.6,0.8,0.75,0.05,0.95,28800,54000,-5,11,90,90
359,72.6,0.9,0.75,0.05,0.95,54000,115200,-5,11,90,90
360,72.6,0.5,0.75,0.05,0.95,32400,111600,-5,11,90,90
361,72.6,0.5,0.75,0.05,0.95,25200,54000,-5,11,90,90
362,72.6,0.9,0.75,0.05,0.95,32400,64800,-5,11,90,90
363,72.6,0.9,0.75,0.05,0.95,64800,118800,-5,11,90,90
364,72.6,0.5,0.75,0.05,0.95,64800,147600,-5,11,90,90
365,72.6,0.9,0.75,0.05,0.95,50400,115200,-5,11,90,90
366,72.6,0.3,0.75,0.05,0.95,57600,144000,-5,11,90,90
367,72.6,0.3,0.75,0.05,0.95,28800,39600,-5,11,90,90
368,72.6,0.7,0.75,0.05,0.95,39600,43200,-5,11,90,90
369,72.6,0.8,0.75,0.05,0.95,43200,111600,-5,11,90,90
370,72.6,0.6,0.75,0.05,0.95,28800,39600,-5,11,90,90
371,72.6,0.9,0.75,0.05,0.95,75600,151200,-5,11,90,90
372,72.6,0.4,0.75,0.05,0.95,43200,50400,-5,11,90,90
373,72.6,0.6,0.75,0.05,0.95,50400,118800,-5,11,90,90
374,72.6,0.3,0.75,0.05,0.95,86400,169200,-5,11,90,90
375,72.6,0.4,0.75,0.05,0.95,61200,122400,-5,11,90,90
376,72.6,0.7,0.75,0.05,0.95,36000,54000,-5,11,90,90
377,72.6,0.6,0.75,0.05,0.95,46800,79200,-5,11,90,90
378,72.6,0.7,0.75,0.05,0.95,43200,129600,-5,11,90,90
379,72.6,0.8,0.75,0.05,0.95,50400,68400,-5,11,90,90
380,72.6,0.6,0.75,0.05,0.95,64800,129600,-5,11,90,90
381,72.6,0.4,0.75,0.05,0.95,28800,50400,-5,11,90,90
382,72.6,0.3,0.75,0.05,0.95,50400,136800,-5,11,90,90
383,72.6,0.3,0.75,0.05,0.95,54000,118800,-5,11,90,90
384,72.6,0.8,0.75,0.05,0.95,25200,39600,-5,11,90,90
385,72.6,0.4,0.75,0.05,0.95,25200,54000,-5,11,90,90
386,72.6,0.4,0.75,0.05,0.95,43200,111600,-5,11,90,90
387,72.6,0.2,0.75,0.05,0.95,61200,133200,-5,11,90,90
388,72.6,0.9,0.75,0.05,0.95,50400,61200,-5,11,90,90
389,72.6,0.9,0.75,0.05,0.95,61200,126000,-5,11,90,90
390,72.6,0.3,0.75,0.05,0.95,57600,115200,-5,11,90,90
391,72.6,0.6,0.75,0.05,0.95,50400,122400,-5,11,90,90
392,72.6,0.4,0.75,0.05,0.95,43200,50400,-5,11,90,90
393,72.6,1,0.75,0.05,0.95,32400,54000,-5,11,90,90
394,72.6,0.9,0.75,0.05,0.95,32400,54000,-5,11,90,90
395,72.6,0.5,0.75,0.05,0.95,68400,154800,-5,11,90,90
396,72.6,0.2,0.75,0.05,0.95,79200,144000,-5,11,90,90
397,72.6,0.6,0.75,0.05,0.95,68400,75600,-5,11,90,90
398,72.6,0.4,0.75,0.05,0.95,54000,115200,-5,11,90,90
399,72.6,0.5,0.75,0.05,0.95,32400,46800,-5,11,90,90
400,72.6,0.9,0.75,0.05,0.95,72000,147600,-5,11,90,90
401,72.6,0.5,0.75,0.05,0.95,32400,61200,-5,11,90,90
402,72.6,0.8,0.75,0.05,0.95,43200,115200,-5,11,90,90
403,72.6,0.4,0.75,0.05,0.95,28800,39600,-5,11,90,90
404,72.6,0.6,0.75,0.05,0.95,36000,57600,-5,11,90,90
405,72.6,0.4,0.75,0.05,0.95,68400,154800,-5,11,90,90
406,72.6,0.4,0.75,0.05,0.95,28800,46800,-5,11,90,90
407,72.6,0.3,0.75,0.05,0.95,82800,97200,-5,11,90,90
408,72.6,0.3,0.75,0.05,0.95,18000,28800,-5,11,90,90
409,72.6,0.3,0.75,0.05,0.95,68400,147600,-5,11,90,90
410,72.6,0.3,0.75,0.05,0.95,68400,126000,-5,11,90,90
411,72.6,0.5,0.75,0.05,0.95,54000,57600,-5,11,90,90
412,72.6,0.9,0.75,0.05,0.95,64800,72000,-5,11,90,90
413,72.6,0.4,0.75,0.05,0.95,28800,68400,-5,11,90,90
414,72.6,0.2,0.75,0.05,0.95,72000,115200,-5,11,90,90
415,72.6,0.2,0.75,0.05,0.95,50400,61200,-5,11,90,90
416,72.6,0.8,0.75,0.05,0.95,50400,115200,-5,11,90,90
417,72.6,0.7,0.75,0.05,0.95,43200,72000,-5,11,90,90
418,72.6,0.2,0.75,0.05,0.95,64800,72000,-5,11,90,90
419,72.6,0.4,0.75,0.05,0.95,28800,115200,-5,11,90,90
420,72.6,0.4,0.75,0.05,0.95,50400,115200,-5,11,90,90
421,72.6,0.6,0.75,0.05,0.95,72000,118800,-5,11,90,90
422,72.6,0.4,0.75,0.05,0.95,36000,43200,-5,11,90,90
423,72.6,0.7,0.75,0.05,0.95,43200,61200,-5,11,90,90
424,72.6,0.6,0.75,0.05,0.95,39600,50400,-5,11,90,90
425,72.6,0.2,0.75,0.05,0.95,64800,118800,-5,11,90,90
426,72.6,0.7,0.75,0.05,0.95,54000,136800,-5,11,90,90
427,72.6,0.8,0.75,0.05,0.95,57600,140400,-5,11,90,90
428,72.6,0.5,0.75,0.05,0.95,57600,118800,-5,11,90,90
429,72.6,0.7,0.75,0.05,0.95,75600,147600,-5,11,90,90
430,72.6,0.4,0.75,0.05,0.95,39600,64800,-5,11,90,90
431,72.6,0.7,0.75,0.05,0.95,39600,64800,-5,11,90,90
432,72.6,0.3,0.75,0.05,0.95,72000,144000,-5,11,90,90
433,72.6,0.4,0.75,0.05,0.95,68400,136800,-5,11,90,90
434,72.6,0.4,0.75,0.05,0.95,50400,54000,-5,11,90,90
435,72.6,0.6,0.75,0.05,0.95,79200,147600,-5,11,90,90
436,72.6,0.3,0.75,0.05,0.95,39600,54000,-5,11,90,90
437,72.6,0.8,0.75,0.05,0.95,75600,82800,-5,11,90,90
438,72.6,0.1,0.75,0.05,0.95,36000,64800,-5,11,90,90
439,72.6,0.5,0.75,0.05,0.95,68400,154800,-5,11,90,90
440,72.6,0.3,0.75,0.05,0.95,64800,126000,-5,11,90,90
441,72.6,0.6,0.75,0.05,0.95,64800,144000,-5,11,90,90
442,72.6,0.4,0.75,0.05,0.95,43200,118800,-5,11,90,90
443,72.6,0.4,0.75,0.05,0.95,32400,39600,-5,11,90,90
444,72.6,0.2,0.75,0.05,0.95,46800,122400,-5,11,90,90
445,72.6,0.7,0.75,0.05,0.95,39600,108000,-5,11,90,90
446,72.6,0.3,0.75,0.05,0.95,57600,122400,-5,11,90,90
447,72.6,0.7,0.75,0.05,0.95,79200,165600,-5,11,90,90
448,72.6,0.7,0.75,0.05,0.95,68400,122400,-5,11,90,90
449,72.6,0.5,0.75,0.05,0.95,57600,144000,-5,11,90,90
450,72.6,0.4,0.75,0.05,0.95,39600,115200,-5,11,90,90
451,72.6,0.5,0.75,0.05,0.95,64800,79200,-5,11,90,90
452,72.6,0.3,0.75,0.05,0.95,54000,111600,-5,11,90,90
453,72.6,0.2,0.75,0.05,0.95,79200,154800,-5,11,90,90
454,72.6,0.4,0.75,0.05,0.95,32400,57600,-5,11,90,90
455,72.6,0.4,0.75,0.05,0.95,68400,140400,-5,11,90,90
456,72.6,0.2,0.75,0.05,0.95,39600,68400,-5,11,90,90
457,72.6,1,0.75,0.05,0.95,32400,57600,-5,11,90,90
458,72.6,0.3,0.75,0.05,0.95,64800,129600,-5,11,90,90
459,72.6,0.4,0.75,0.05,0.95,61200,118800,-5,11,90,90
460,72.6,1,0.75,0.05,0.95,36000,68400,-5,11,90,90
461,72.6,0.4,0.75,0.05,0.95,54000,115200,-5,11,90,90
462,72.6,0.8,0.75,0.05,0.95,25200,111600,-5,11,90,90
463,72.6,0.9,0.75,0.05,0.95,54000,140400,-5,11,90,90
464,72.6,0.9,0.75,0.05,0.95,64800,136800,-5,11,90,90
465,72.6,0.1,0.75,0.05,0.95,61200,122400,-5,11,90,90
466,72.6,0.7,0.75,0.05,0.95,75600,122400,-5,11,90,90
467,72.6,0.4,0.75,0.05,0.95,21600,61200,-5,11,90,90
468,72.6,0.8,0.75,0.05,0.95,64800,122400,-5,11,90,90
469,72.6,0.6,0.75,0.05,0.95,50400,115200,-5,11,90,90
470,72.6,0.4,0.75,0.05,0.95,57600,111600,-5,11,90,90
471,72.6,0.8,0.75,0.05,0.95,50400,118800,-5,11,90,90
472,72.6,0.5,0.75,0.05,0.95,68400,129600,-5,11,90,90
473,72.6,0.3,0.75,0.05,0.95,39600,50400,-5,11,90,90
474,72.6,0.6,0.75,0.05,0.95,36000,115200,-5,11,90,90
475,72.6,0.6,0.75,0.05,0.95,28800,79200,-5,11,90,90
476,72.6,0.7,0.75,0.05,0.95,54000,129600,-5,11,90,90
477,72.6,0.7,0.75,0.05,0.95,39600,46800,-5,11,90,90
478,72.6,0.9,0.75,0.05,0.95,57600,140400,-5,11,90,90
479,72.6,0.3,0.75,0.05,0.95,61200,64800,-5,11,90,90
480,72.6,0.6,0.75,0.05,0.95,32400,54000,-5,11,90,90
481,72.6,0.8,0.75,0.05,0.95,50400,136800,-5,11,90,90
482,72.6,0.5,0.75,0.05,0.95,32400,64800,-5,11,90,90
483,72.6,0.3,0.75,0.05,0.95,46800,115200,-5,11,90,90
484,72.6,0.9,0.75,0.05,0.95,68400,129600,-5,11,90,90
485,72.6,0.7,0.75,0.05,0.95,64800,133200,-5,11,90,90
486,72.6,0.9,0.75,0.05,0.95,50400,61200,-5,11,90,90
487,72.6,0.5,0.75,0.05,0.95,46800,50400,-5,11,90,90
488,72.6,0.9,0.75,0.05,0.95,75600,126000,-5,11,90,90
489,72.6,0.8,0.75,0.05,0.95,57600,140400,-5,11,90,90
490,72.6,0.9,0.75,0.05,0.95,64800,144000,-5,11,90,90
491,72.6,0.7,0.75,0.05,0.95,72000,154800,-5,11,90,90
492,72.6,0.6,0.75,0.05,0.95,61200,133200,-5,11,90,90
493,72.6,0.7,0.75,0.05,0.95,68400,147600,-5,11,90,90
494,72.6,0.5,0.75,0.05,0.95,54000,115200,-5,11,90,90
495,72.6,0.8,0.75,0.05,0.95,28800,57600,-5,11,90,90
496,72.6,0.8,0.75,0.05,0.95,50400,126000,-5,11,90,90
497,72.6,0.6,0.75,0.05,0.95,50400,111600,-5,11,90,90
498,72.6,0.7,0.75,0.05,0.95,61200,140400,-5,11,90,90
499,72.6,0.7,0.75,0.05,0.95,57600,108000,-5,11,90,90
500,72.6,0.9,0.75,0.05,0.95,28800,57600,-5,11,90,90
501,72.6,0.5,0.75,0.05,0.95,64800,118800,-5,11,90,90
502,72.6,0.9,0.75,0.05,0.95,43200,115200,-5,11,90,90
503,72.6,0.4,0.75,0.05,0.95,68400,118800,-5,11,90,90
504,72.6,0.6,0.75,0.05,0.95,64800,129600,-5,11,90,90
505,72.6,0.6,0.75,0.05,0.95,36000,54000,-5,11,90,90
506,72.6,0.9,0.75,0.05,0.95,72000,154800,-5,11,90,90
507,72.6,1,0.75,0.05,0.95,32400,50400,-5,11,90,90
508,72.6,0.4,0.75,0.05,0.95,64800,126000,-5,11,90,90
509,72.6,0.7,0.75,0.05,0.95,61200,122400,-5,11,90,90
510,72.6,0.8,0.75,0.05,0.95,46800,129600,-5,11,90,90
511,72.6,0.6,0.75,0.05,0.95,43200,57600,-5,11,90,90
512,72.6,0.4,0.75,0.05,0.95,79200,165600,-5,11,90,90
513,72.6,0.7,0.75,0.05,0.95,57600,118800,-5,11,90,90
514,72.6,0.5,0.75,0.05,0.95,32400,57600,-5,11,90,90
515,72.6,0.6,0.75,0.05,0.95,50400,115200,-5,11,90,90
516,72.6,0.3,0.75,0.05,0.95,39600,50400,-5,11,90,90
517,72.6,0.9,0.75,0.05,0.95,72000,136800,-5,11,90,90
518,72.6,0.9,0.75,0.05,0.95,54000,115200,-5,11,90,90
519,72.6,0.9,0.75,0.05,0.95,72000,133200,-5,11,90,90
520,72.6,0.6,0.75,0.05,0.95,61200,122400,-5,11,90,90
521,72.6,0.3,0.75,0.05,0.95,39600,46800,-5,11,90,90
522,72.6,0.9,0.75,0.05,0.95,36000,64800,-5,11,90,90
523,72.6,0.6,0.75,0.05,0.95,36000,43200,-5,11,90,90
524,72.6,0.9,0.75,0.05,0.95,39600,115200,-5,11,90,90
525,72.6,0.9,0.75,0.05,0.95,39600,118800,-5,11,90,90
526,72.6,0.2,0.75,0.05,0.95,50400,57600,-5,11,90,90
527,72.6,0.6,0.75,0.05,0.95,46800,118800,-5,11,90,90
528,72.6,0.6,0.75,0.05,0.95,57600,129600,-5,11,90,90
529,72.6,0.7,0.75,0.05,0.95,54000,133200,-5,11,90,90
530,72.6,0.3,0.75,0.05,0.95,28800,39600,-5,11,90,90
531,72.6,0.4,0.75,0.05,0.95,61200,129600,-5,11,90,90
532,72.6,0.5,0.75,0.05,0.95,50400,118800,-5,11,90,90
533,72.6,0.7,0.75,0.05,0.95,64800,122400,-5,11,90,90
534,72.6,0.9,0.75,0.05,0.95,36000,64800,-5,11,90,90
535,72.6,0.7,0.75,0.05,0.95,43200,126000,-5,11,90,90
536,72.6,0.7,0.75,0.05,0.95,32400,104400,-5,11,90,90
537,72.6,0.5,0.75,0.05,0.95,28800,111600,-5,11,90,90
538,72.6,0.5,0.75,0.05,0.95,64800,72000,-5,11,90,90
539,72.6,0.6,0.75,0.05,0.95,54000,68400,-5,11,90,90
540,72.6,0.5,0.75,0.05,0.95,50400,136800,-5,11,90,90
541,72.6,0.4,0.75,0.05,0.95,43200,54000,-5,11,90,90
542,72.6,0.6,0.75,0.05,0.95,64800,75600,-5,11,90,90
543,72.6,0.4,0.75,0.05,0.95,64800,151200,-5,11,90,90
544,72.6,0.8,0.75,0.05,0.95,36000,86400,-5,11,90,90
545,72.6,0.6,0.75,0.05,0.95,32400,36000,-5,11,90,90
546,72.6,0.8,0.75,0.05,0.95,46800,115200,-5,11,90,90
547,72.6,0.9,0.75,0.05,0.95,21600,43200,-5,11,90,90
548,72.6,0.2,0.75,0.05,0.95,32400,54000,-5,11,90,90
549,72.6,0.9,0.75,0.05,0.95,32400,64800,-5,11,90,90
550,72.6,0.9,0.75,0.05,0.95,36000,61200,-5,11,90,90
551,72.6,0.2,0.75,0.05,0.95,28800,111600,-5,11,90,90
552,72.6,0.8,0.75,0.05,0.95,61200,140400,-5,11,90,90
553,72.6,0.7,0.75,0.05,0.95,61200,122400,-5,11,90,90
554,72.6,0.9,0.75,0.05,0.95,75600,126000,-5,11,90,90
555,72.6,0.9,0.75,0.05,0.95,50400,133200,-5,11,90,90
556,72.6,0.6,0.75,0.05,0.95,79200,118800,-5,11,90,90
557,72.6,0.3,0.75,0.05,0.95,68400,86400,-5,11,90,90
558,72.6,0.1,0.75,0.05,0.95,72000,133200,-5,11,90,90
559,72.6,0.7,0.75,0.05,0.95,39600,64800,-5,11,90,90
560,72.6,0.9,0.75,0.05,0.95,72000,75600,-5,11,90,90
561,72.6,0.8,0.75,0.05,0.95,64800,151200,-5,11,90,90
562,72.6,0.4,0.75,0.05,0.95,61200,136800,-5,11,90,90
563,72.6,0.3,0.75,0.05,0.95,21600,28800,-5,11,90,90
564,72.6,0.5,0.75,0.05,0.95,57600,140400,-5,11,90,90
565,72.6,0.2,0.75,0.05,0.95,39600,79200,-5,11,90,90
566,72.6,0.4,0.75,0.05,0.95,36000,115200,-5,11,90,90
567,72.6,0.5,0.75,0.05,0.95,32400,36000,-5,11,90,90
568,72.6,0.4,0.75,0.05,0.95,64800,122400,-5,11,90,90
569,72.6,0.2,0.75,0.05,0.95,3600,43200,-5,11,90,90
570,72.6,0.9,0.75,0.05,0.95,68400,126000,-5,11,90,90
571,72.6,0.7,0.75,0.05,0.95,46800,72000,-5,11,90,90
572,72.6,0.7,0.75,0.05,0.95,75600,126000,-5,11,90,90
573,72.6,0.2,0.75,0.05,0.95,54000,133200,-5,11,90,90
574,72.6,0.2,0.75,0.05,0.95,75600,111600,-5,11,90,90
575,72.6,0.7,0.75,0.05,0.95,39600,118800,-5,11,90,90
576,72.6,0.6,0.75,0.05,0.95,64800,72000,-5,11,90,90
577,72.6,0.5,0.75,0.05,0.95,36000,111600,-5,11,90,90
578,72.6,0.2,0.75,0.05,0.95,68400,118800,-5,11,90,90
579,72.6,0.7,0.75,0.05,0.95,43200,122400,-5,11,90,90
580,72.6,0.3,0.75,0.05,0.95,54000,126000,-5,11,90,90
581,72.6,0.7,0.75,0.05,0.95,54000,126000,-5,11,90,90
582,72.6,0.3,0.75,0.05,0.95,61200,147600,-5,11,90,90
583,72.6,0.5,0.75,0.05,0.95,25200,28800,-5,11,90,90
584,72.6,0.7,0.75,0.05,0.95,39600,118800,-5,11,90,90
585,72.6,0.1,0.75,0.05,0.95,79200,129600,-5,11,90,90
586,72.6,0.5,0.75,0.05,0.95,39600,61200,-5,11,90,90
587,72.6,0.6,0.75,0.05,0.95,72000,126000,-5,11,90,90
588,72.6,0.8,0.75,0.05,0.95,61200,68400,-5,11,90,90
589,72.6,0.2,0.75,0.05,0.95,54000,108000,-5,11,90,90
590,72.6,0.2,0.75,0.05,0.95,57600,129600,-5,11,90,90
591,72.6,0.9,0.75,0.05,0.95,50400,75600,-5,11,90,90
592,72.6,0.5,0.75,0.05,0.95,46800,57600,-5,11,90,90
593,72.6,0.9,0.75,0.05,0.95,72000,115200,-5,11,90,90
594,72.6,0.3,0.75,0.05,0.95,28800,64800,-5,11,90,90
595,72.6,0.3,0.75,0.05,0.95,79200,136800,-5,11,90,90
596,72.6,0.3,0.75,0.05,0.95,32400,68400,-5,11,90,90
597,72.6,0.8,0.75,0.05,0.95,68400,129600,-5,11,90,90
598,72.6,0.6,0.75,0.05,0.95,57600,61200,-5,11,90,90
599,72.6,0.7,0.75,0.05,0.95,43200,126000,-5,11,90,90
600,72.6,0.2,0.75,0.05,0.95,25200,108000,-5,11,90,90
601,72.6,0.7,0.75,0.05,0.95,64800,79200,-5,11,90,90
602,72.6,0.1,0.75,0.05,0.95,75600,115200,-5,11,90,90
603,72.6,0.7,0.75,0.05,0.95,86400,115200,-5,11,90,90
604,72.6,0.5,0.75,0.05,0.95,3600,50400,-5,11,90,90
605,72.6,0.8,0.75,0.05,0.95,54000,118800,-5,11,90,90
606,72.6,0.4,0.75,0.05,0.95,57600,129600,-5,11,90,90
607,72.6,0.4,0.75,0.05,0.95,46800,118800,-5,11,90,90
608,72.6,0.8,0.75,0.05,0.95,43200,111600,-5,11,90,90
609,72.6,0.1,0.75,0.05,0.95,50400,126000,-5,11,90,90
610,72.6,0.9,0.75,0.05,0.95,39600,46800,-5,11,90,90
611,72.6,0.4,0.75,0.05,0.95,61200,133200,-5,11,90,90
612,72.6,0.9,0.75,0.05,0.95,54000,86400,-5,11,90,90
613,72.6,0.6,0.75,0.05,0.95,28800,36000,-5,11,90,90
614,72.6,0.5,0.75,0.05,0.95,54000,129600,-5,11,90,90
615,72.6,0.9,0.75,0.05,0.95,28800,64800,-5,11,90,90
616,72.6,0.4,0.75,0.05,0.95,75600,118800,-5,11,90,90
617,72.6,0.2,0.75,0.05,0.95,39600,64800,-5,11,90,90
618,72.6,0.4,0.75,0.05,0.95,61200,122400,-5,11,90,90
619,72.6,0.5,0.75,0.05,0.95,43200,57600,-5,11,90,90
620,72.6,0.5,0.75,0.05,0.95,57600,115200,-5,11,90,90
621,72.6,0.6,0.75,0.05,0.95,72000,126000,-5,11,90,90
622,72.6,0.5,0.75,0.05,0.95,46800,122400,-5,11,90,90
623,72.6,0.2,0.75,0.05,0.95,46800,72000,-5,11,90,90
624,72.6,0.7,0.75,0.05,0.95,21600,39600,-5,11,90,90
625,72.6,0.6,0.75,0.05,0.95,39600,64800,-5,11,90,90
626,72.6,0.7,0.75,0.05,0.95,50400,61200,-5,11,90,90
627,72.6,0.8,0.75,0.05,0.95,72000,111600,-5,11,90,90
628,72.6,0.5,0.75,0.05,0.95,54000,115200,-5,11,90,90
629,72.6,0.7,0.75,0.05,0.95,64800,129600,-5,11,90,90
630,72.6,0.4,0.75,0.05,0.95,50400,129600,-5,11,90,90
631,72.6,0.6,0.75,0.05,0.95,68400,129600,-5,11,90,90
632,72.6,0.7,0.75,0.05,0.95,3600,54000,-5,11,90,90
633,72.6,0.7,0.75,0.05,0.95,57600,133200,-5,11,90,90
634,72.6,0.4,0.75,0.05,0.95,50400,126000,-5,11,90,90
635,72.6,0.3,0.75,0.05,0.95,72000,151200,-5,11,90,90
636,72.6,0.3,0.75,0.05,0.95,28800,115200,-5,11,90,90
637,72.6,0.9,0.75,0.05,0.95,64800,111600,-5,11,90,90
638,72.6,0.6,0.75,0.05,0.95,28800,72000,-5,11,90,90
639,72.6,1,0.75,0.05,0.95,25200,32400,-5,11,90,90
640,72.6,0.7,0.75,0.05,0.95,36000,50400,-5,11,90,90
641,72.6,0.2,0.75,0.05,0.95,61200,140400,-5,11,90,90
642,72.6,0.6,0.75,0.05,0.95,82800,97200,-5,11,90,90
643,72.6,0.4,0.75,0.05,0.95,61200,122400,-5,11,90,90
644,72.6,0.9,0.75,0.05,0.95,36000,68400,-5,11,90,90
645,72.6,0.2,0.75,0.05,0.95,82800,122400,-5,11,90,90
646,72.6,0.3,0.75,0.05,0.95,36000,43200,-5,11,90,90
647,72.6,0.6,0.75,0.05,0.95,46800,115200,-5,11,90,90
648,72.6,0.2,0.75,0.05,0.95,61200,144000,-5,11,90,90
649,72.6,0.9,0.75,0.05,0.95,54000,136800,-5,11,90,90
650,72.6,0.1,0.75,0.05,0.95,50400,115200,-5,11,90,90
651,72.6,0.9,0.75,0.05,0.95,68400,140400,-5,11,90,90
652,72.6,0.3,0.75,0.05,0.95,64800,118800,-5,11,90,90
653,72.6,0.4,0.75,0.05,0.95,32400,50400,-5,11,90,90
654,72.6,0.6,0.75,0.05,0.95,57600,133200,-5,11,90,90
655,72.6,0.4,0.75,0.05,0.95,39600,104400,-5,11,90,90
656,72.6,0.5,0.75,0.05,0.95,61200,115200,-5,11,90,90
657,72.6,0.6,0.75,0.05,0.95,32400,50400,-5,11,90,90
658,72.6,0.3,0.75,0.05,0.95,57600,122400,-5,11,90,90
659,72.6,0.7,0.75,0.05,0.95,50400,115200,-5,11,90,90
660,72.6,0.8,0.75,0.05,0.95,3600,46800,-5,11,90,90
661,72.6,0.3,0.75,0.05,0.95,43200,118800,-5,11,90,90
662,72.6,0.7,0.75,0.05,0.95,43200,118800,-5,11,90,90
663,72.6,0.9,0.75,0.05,0.95,39600,57600,-5,11,90,90
664,72.6,0.5,0.75,0.05,0.95,50400,54000,-5,11,90,90
665,72.6,0.4,0.75,0.05,0.95,61200,147600,-5,11,90,90
666,72.6,0.3,0.75,0.05,0.95,46800,122400,-5,11,90,90
667,72.6,0.3,0.75,0.05,0.95,75600,129600,-5,11,90,90
668,72.6,0.3,0.75,0.05,0.95,82800,154800,-5,11,90,90
669,72.6,0.5,0.75,0.05,0.95,39600,46800,-5,11,90,90
670,72.6,0.9,0.75,0.05,0.95,43200,61200,-5,11,90,90
671,72.6,0.7,0.75,0.05,0.95,46800,68400,-5,11,90,90
672,72.6,0.4,0.75,0.05,0.95,46800,72000,-5,11,90,90
673,72.6,0.4,0.75,0.05,0.95,46800,79200,-5,11,90,90
674,72.6,0.8,0.75,0.05,0.95,28800,32400,-5,11,90,90
675,72.6,0.7,0.75,0.05,0.95,28800,36000,-5,11,90,90
676,72.6,0.9,0.75,0.05,0.95,57600,136800,-5,11,90,90
677,72.6,0.4,0.75,0.05,0.95,68400,151200,-5,11,90,90
678,72.6,0.6,0.75,0.05,0.95,54000,79200,-5,11,90,90
679,72.6,0.2,0.75,0.05,0.95,39600,61200,-5,11,90,90
680,72.6,0.6,0.75,0.05,0.95,79200,158400,-5,11,90,90
681,72.6,0.5,0.75,0.05,0.95,28800,115200,-5,11,90,90
682,72.6,0.9,0.75,0.05,0.95,54000,72000,-5,11,90,90
683,72.6,0.2,0.75,0.05,0.95,36000,115200,-5,11,90,90
684,72.6,0.1,0.75,0.05,0.95,3600,46800,-5,11,90,90
685,72.6,0.3,0.75,0.05,0.95,54000,140400,-5,11,90,90
686,72.6,0.4,0.75,0.05,0.95,75600,126000,-5,11,90,90
687,72.6,0.7,0.75,0.05,0.95,54000,61200,-5,11,90,90
688,72.6,0.6,0.75,0.05,0.95,68400,147600,-5,11,90,90
689,72.6,0.4,0.75,0.05,0.95,50400,68400,-5,11,90,90
690,72.6,0.2,0.75,0.05,0.95,75600,111600,-5,11,90,90
691,72.6,0.7,0.75,0.05,0.95,50400,118800,-5,11,90,90
692,72.6,0.7,0.75,0.05,0.95,64800,151200,-5,11,90,90
693,72.6,0.2,0.75,0.05,0.95,54000,129600,-5,11,90,90
694,72.6,0.1,0.75,0.05,0.95,61200,111600,-5,11,90,90
695,72.6,0.1,0.75,0.05,0.95,25200,68400,-5,11,90,90
696,72.6,0.4,0.75,0.05,0.95,46800,61200,-5,11,90,90
697,72.6,0.6,0.75,0.05,0.95,64800,126000,-5,11,90,90
698,72.6,0.6,0.75,0.05,0.95,54000,118800,-5,11,90,90
699,72.6,0.9,0.75,0.05,0.95,72000,136800,-5,11,90,90
700,72.6,0.6,0.75,0.05,0.95,46800,126000,-5,11,90,90
701,72.6,0.6,0.75,0.05,0.95,46800,64800,-5,11,90,90
702,72.6,0.4,0.75,0.05,0.95,64800,75600,-5,11,90,90
703,72.6,0.4,0.75,0.05,0.95,32400,118800,-5,11,90,90
704,72.6,0.6,0.75,0.05,0.95,64800,140400,-5,11,90,90
705,72.6,0.2,0.75,0.05,0.95,50400,126000,-5,11,90,90
706,72.6,0.7,0.75,0.05,0.95,46800,129600,-5,11,90,90
707,72.6,0.3,0.75,0.05,0.95,50400,118800,-5,11,90,90
708,72.6,0.4,0.75,0.05,0.95,28800,32400,-5,11,90,90
709,72.6,0.9,0.75,0.05,0.95,68400,136800,-5,11,90,90
710,72.6,0.8,0.75,0.05,0.95,43200,111600,-5,11,90,90
711,72.6,0.4,0.75,0.05,0.95,72000,158400,-5,11,90,90
712,72.6,0.8,0.75,0.05,0.95,57600,140400,-5,11,90,90
713,72.6,0.4,0.75,0.05,0.95,32400,57600,-5,11,90,90
714,72.6,0.8,0.75,0.05,0.95,28800,75600,-5,11,90,90
715,72.6,0.3,0.75,0.05,0.95,54000,57600,-5,11,90,90
716,72.6,0.8,0.75,0.05,0.95,61200,147600,-5,11,90,90
717,72.6,0.4,0.75,0.05,0.95,43200,54000,-5,11,90,90
718,72.6,0.7,0.75,0.05,0.95,46800,115200,-5,11,90,90
719,72.6,0.9,0.75,0.05,0.95,57600,144000,-5,11,90,90
720,72.6,0.7,0.75,0.05,0.95,72000,133200,-5,11,90,90
721,72.6,0.7,0.75,0.05,0.95,39600,118800,-5,11,90,90
722,72.6,0.8,0.75,0.05,0.95,43200,118800,-5,11,90,90
723,72.6,0.9,0.75,0.05,0.95,25200,43200,-5,11,90,90
724,72.6,0.7,0.75,0.05,0.95,61200,122400,-5,11,90,90
725,72.6,0.8,0.75,0.05,0.95,61200,136800,-5,11,90,90
726,72.6,1,0.75,0.05,0.95,54000,118800,-5,11,90,90
727,72.6,0.9,0.75,0.05,0.95,46800,115200,-5,11,90,90
728,72.6,0.3,0.75,0.05,0.95,43200,129600,-5,11,90,90
729,72.6,0.5,0.75,0.05,0.95,72000,136800,-5,11,90,90
730,72.6,0.3,0.75,0.05,0.95,36000,50400,-5,11,90,90
731,72.6,0.4,0.75,0.05,0.95,50400,133200,-5,11,90,90
732,72.6,0.6,0.75,0.05,0.95,61200,126000,-5,11,90,90
733,72.6,0.6,0.75,0.05,0.95,64800,118800,-5,11,90,90
734,72.6,0.7,0.75,0.05,0.95,64800,68400,-5,11,90,90
735,72.6,0.9,0.75,0.05,0.95,57600,111600,-5,11,90,90
736,72.6,0.4,0.75,0.05,0.95,43200,64800,-5,11,90,90
737,72.6,0.9,0.75,0.05,0.95,54000,115200,-5,11,90,90
738,72.6,0.5,0.75,0.05,0.95,39600,46800,-5,11,90,90
739,72.6,0.4,0.75,0.05,0.95,50400,133200,-5,11,90,90
740,72.6,0.2,0.75,0.05,0.95,72000,126000,-5,11,90,90
741,72.6,0.5,0.75,0.05,0.95,72000,122400,-5,11,90,90
742,72.6,0.9,0.75,0.05,0.95,54000,126000,-5,11,90,90
743,72.6,0.8,0.75,0.05,0.95,39600,111600,-5,11,90,90
744,72.6,0.4,0.75,0.05,0.95,36000,115200,-5,11,90,90
745,72.6,0.9,0.75,0.05,0.95,28800,57600,-5,11,90,90
746,72.6,0.9,0.75,0.05,0.95,43200,57600,-5,11,90,90
747,72.6,0.7,0.75,0.05,0.95,39600,126000,-5,11,90,90
748,72.6,0.5,0.75,0.05,0.95,68400,75600,-5,11,90,90
749,72.6,0.7,0.75,0.05,0.95,50400,61200,-5,11,90,90
750,72.6,0.7,0.75,0.05,0.95,46800,118800,-5,11,90,90
751,72.6,0.8,0.75,0.05,0.95,46800,68400,-5,11,90,90
752,72.6,0.6,0.75,0.05,0.95,50400,54000,-5,11,90,90
753,72.6,0.6,0.75,0.05,0.95,57600,144000,-5,11,90,90
754,72.6,0.5,0.75,0.05,0.95,75600,154800,-5,11,90,90
755,72.6,0.5,0.75,0.05,0.95,79200,140400,-5,11,90,90
756,72.6,0.2,0.75,0.05,0.95,50400,61200,-5,11,90,90
757,72.6,0.9,0.75,0.05,0.95,64800,122400,-5,11,90,90
758,72.6,0.3,0.75,0.05,0.95,32400,57600,-5,11,90,90
759,72.6,0.4,0.75,0.05,0.95,75600,126000,-5,11,90,90
760,72.6,0.8,0.75,0.05,0.95,46800,115200,-5,11,90,90
761,72.6,0.9,0.75,0.05,0.95,64800,140400,-5,11,90,90
762,72.6,0.2,0.75,0.05,0.95,46800,50400,-5,11,90,90
763,72.6,0.9,0.75,0.05,0.95,43200,118800,-5,11,90,90
764,72.6,0.2,0.75,0.05,0.95,79200,122400,-5,11,90,90
765,72.6,0.8,0.75,0.05,0.95,25200,57600,-5,11,90,90
766,72.6,0.7,0.75,0.05,0.95,75600,126000,-5,11,90,90
767,72.6,0.9,0.75,0.05,0.95,43200,115200,-5,11,90,90
768,72.6,0.4,0.75,0.05,0.95,64800,126000,-5,11,90,90
769,72.6,0.4,0.75,0.05,0.95,57600,61200,-5,11,90,90
770,72.6,0.3,0.75,0.05,0.95,79200,82800,-5,11,90,90
771,72.6,0.7,0.75,0.05,0.95,72000,133200,-5,11,90,90
772,72.6,0.4,0.75,0.05,0.95,43200,122400,-5,11,90,90
773,72.6,0.6,0.75,0.05,0.95,21600,54000,-5,11,90,90
774,72.6,0.3,0.75,0.05,0.95,72000,158400,-5,11,90,90
775,72.6,0.7,0.75,0.05,0.95,46800,115200,-5,11,90,90
776,72.6,0.8,0.75,0.05,0.95,43200,129600,-5,11,90,90
777,72.6,0.2,0.75,0.05,0.95,46800,122400,-5,11,90,90
778,72.6,0.8,0.75,0.05,0.95,54000,122400,-5,11,90,90
779,72.6,0.8,0.75,0.05,0.95,43200,54000,-5,11,90,90
780,72.6,0.7,0.75,0.05,0.95,43200,57600,-5,11,90,90
781,72.6,0.9,0.75,0.05,0.95,50400,115200,-5,11,90,90
782,72.6,1,0.75,0.05,0.95,72000,126000,-5,11,90,90
783,72.6,0.9,0.75,0.05,0.95,72000,151200,-5,11,90,90
784,72.6,0.4,0.75,0.05,0.95,68400,154800,-5,11,90,90
785,72.6,0.2,0.75,0.05,0.95,32400,36000,-5,11,90,90
786,72.6,0.9,0.75,0.05,0.95,25200,36000,-5,11,90,90
787,72.6,0.6,0.75,0.05,0.95,32400,54000,-5,11,90,90
788,72.6,0.3,0.75,0.05,0.95,64800,136800,-5,11,90,90
789,72.6,0.3,0.75,0.05,0.95,64800,118800,-5,11,90,90
790,72.6,0.4,0.75,0.05,0.95,46800,61200,-5,11,90,90
791,72.6,0.7,0.75,0.05,0.95,72000,122400,-5,11,90,90
792,72.6,0.3,0.75,0.05,0.95,72000,158400,-5,11,90,90
793,72.6,0.7,0.75,0.05,0.95,57600,118800,-5,11,90,90
794,72.6,0.4,0.75,0.05,0.95,39600,64800,-5,11,90,90
795,72.6,0.8,0.75,0.05,0.95,72000,118800,-5,11,90,90
796,72.6,0.9,0.75,0.05,0.95,64800,147600,-5,11,90,90
797,72.6,0.3,0.75,0.05,0.95,54000,111600,-5,11,90,90
798,72.6,0.5,0.75,0.05,0.95,36000,46800,-5,11,90,90
799,72.6,0.6,0.75,0.05,0.95,46800,118800,-5,11,90,90
800,72.6,0.8,0.75,0.05,0.95,68400,115200,-5,11,90,90
801,72.6,0.9,0.75,0.05,0.95,43200,126000,-5,11,90,90
802,72.6,0.4,0.75,0.05,0.95,68400,147600,-5,11,90,90
803,72.6,0.4,0.75,0.05,0.95,68400,147600,-5,11,90,90
804,72.6,0.3,0.75,0.05,0.95,64800,118800,-5,11,90,90
805,72.6,0.8,0.75,0.05,0.95,43200,79200,-5,11,90,90
806,72.6,0.9,0.75,0.05,0.95,36000,50400,-5,11,90,90
807,72.6,0.8,0.75,0.05,0.95,28800,64800,-5,11,90,90
808,72.6,0.9,0.75,0.05,0.95,57600,140400,-5,11,90,90
809,72.6,0.5,0.75,0.05,0.95,68400,151200,-5,11,90,90
810,72.6,0.9,0.75,0.05,0.95,25200,36000,-5,11,90,90
811,72.6,0.7,0.75,0.05,0.95,86400,126000,-5,11,90,90
812,72.6,0.6,0.75,0.05,0.95,46800,129600,-5,11,90,90
813,72.6,0.8,0.75,0.05,0.95,28800,43200,-5,11,90,90
814,72.6,0.9,0.75,0.05,0.95,61200,133200,-5,11,90,90
815,72.6,0.5,0.75,0.05,0.95,3600,64800,-5,11,90,90
816,72.6,0.9,0.75,0.05,0.95,32400,46800,-5,11,90,90
817,72.6,0.7,0.75,0.05,0.95,79200,165600,-5,11,90,90
818,72.6,0.4,0.75,0.05,0.95,64800,72000,-5,11,90,90
819,72.6,0.7,0.75,0.05,0.95,36000,54000,-5,11,90,90
820,72.6,0.9,0.75,0.05,0.95,72000,151200,-5,11,90,90
821,72.6,0.9,0.75,0.05,0.95,46800,115200,-5,11,90,90
822,72.6,0.8,0.75,0.05,0.95,75600,126000,-5,11,90,90
823,72.6,0.8,0.75,0.05,0.95,79200,140400,-5,11,90,90
824,72.6,0.2,0.75,0.05,0.95,82800,162000,-5,11,90,90
825,72.6,0.3,0.75,0.05,0.95,43200,122400,-5,11,90,90
826,72.6,0.9,0.75,0.05,0.95,36000,50400,-5,11,90,90
827,72.6,0.2,0.75,0.05,0.95,54000,57600,-5,11,90,90
828,72.6,0.2,0.75,0.05,0.95,64800,140400,-5,11,90,90
829,72.6,0.6,0.75,0.05,0.95,64800,118800,-5,11,90,90
830,72.6,0.6,0.75,0.05,0.95,61200,111600,-5,11,90,90
831,72.6,0.6,0.75,0.05,0.95,36000,43200,-5,11,90,90
832,72.6,0.3,0.75,0.05,0.95,82800,126000,-5,11,90,90
833,72.6,0.6,0.75,0.05,0.95,39600,46800,-5,11,90,90
834,72.6,0.9,0.75,0.05,0.95,28800,115200,-5,11,90,90
835,72.6,0.5,0.75,0.05,0.95,54000,118800,-5,11,90,90
836,72.6,0.5,0.75,0.05,0.95,50400,72000,-5,11,90,90
837,72.6,0.7,0.75,0.05,0.95,39600,118800,-5,11,90,90
838,72.6,0.7,0.75,0.05,0.95,72000,144000,-5,11,90,90
839,72.6,0.2,0.75,0.05,0.95,50400,68400,-5,11,90,90
840,72.6,0.8,0.75,0.05,0.95,39600,57600,-5,11,90,90
841,72.6,0.3,0.75,0.05,0.95,21600,28800,-5,11,90,90
842,72.6,0.1,0.75,0.05,0.95,54000,129600,-5,11,90,90
843,72.6,0.6,0.75,0.05,0.95,54000,118800,-5,11,90,90
844,72.6,0.7,0.75,0.05,0.95,54000,133200,-5,11,90,90
845,72.6,0.8,0.75,0.05,0.95,61200,144000,-5,11,90,90
846,72.6,0.8,0.75,0.05,0.95,57600,61200,-5,11,90,90
847,72.6,0.5,0.75,0.05,0.95,43200,61200,-5,11,90,90
848,72.6,0.5,0.75,0.05,0.95,50400,129600,-5,11,90,90
849,72.6,0.2,0.75,0.05,0.95,64800,126000,-5,11,90,90
850,72.6,0.3,0.75,0.05,0.95,28800,36000,-5,11,90,90
851,72.6,0.4,0.75,0.05,0.95,43200,129600,-5,11,90,90
852,72.6,0.3,0.75,0.05,0.95,50400,108000,-5,11,90,90
853,72.6,0.5,0.75,0.05,0.95,32400,64800,-5,11,90,90
854,72.6,0.3,0.75,0.05,0.95,50400,61200,-5,11,90,90
855,72.6,0.9,0.75,0.05,0.95,64800,147600,-5,11,90,90
856,72.6,0.6,0.75,0.05,0.95,36000,108000,-5,11,90,90
857,72.6,0.5,0.75,0.05,0.95,64800,79200,-5,11,90,90
858,72.6,0.9,0.75,0.05,0.95,36000,46800,-5,11,90,90
859,72.6,0.4,0.75,0.05,0.95,61200,140400,-5,11,90,90
860,72.6,0.7,0.75,0.05,0.95,54000,115200,-5,11,90,90
861,72.6,0.7,0.75,0.05,0.95,68400,122400,-5,11,90,90
862,72.6,0.3,0.75,0.05,0.95,50400,61200,-5,11,90,90
863,72.6,0.5,0.75,0.05,0.95,61200,147600,-5,11,90,90
864,72.6,0.9,0.75,0.05,0.95,25200,90000,-5,11,90,90
865,72.6,0.4,0.75,0.05,0.95,28800,36000,-5,11,90,90
866,72.6,0.6,0.75,0.05,0.95,28800,32400,-5,11,90,90
867,72.6,0.6,0.75,0.05,0.95,57600,68400,-5,11,90,90
868,72.6,0.5,0.75,0.05,0.95,57600,144000,-5,11,90,90
869,72.6,0.3,0.75,0.05,0.95,64800,72000,-5,11,90,90
870,72.6,0.5,0.75,0.05,0.95,28800,115200,-5,11,90,90
871,72.6,0.5,0.75,0.05,0.95,75600,111600,-5,11,90,90
872,72.6,0.4,0.75,0.05,0.95,57600,61200,-5,11,90,90
873,72.6,0.9,0.75,0.05,0.95,32400,46800,-5,11,90,90
874,72.6,0.7,0.75,0.05,0.95,64800,129600,-5,11,90,90
875,72.6,0.5,0.75,0.05,0.95,57600,140400,-5,11,90,90
876,72.6,0.1,0.75,0.05,0.95,68400,122400,-5,11,90,90
877,72.6,0.3,0.75,0.05,0.95,57600,61200,-5,11,90,90
878,72.6,0.5,0.75,0.05,0.95,39600,122400,-5,11,90,90
879,72.6,0.5,0.75,0.05,0.95,64800,72000,-5,11,90,90
880,72.6,0.9,0.75,0.05,0.95,39600,115200,-5,11,90,90
881,72.6,0.7,0.75,0.05,0.95,36000,111600,-5,11,90,90
882,72.6,0.8,0.75,0.05,0.95,64800,122400,-5,11,90,90
883,72.6,0.9,0.75,0.05,0.95,43200,122400,-5,11,90,90
884,72.6,0.4,0.75,0.05,0.95,79200,151200,-5,11,90,90
885,72.6,0.5,0.75,0.05,0.95,64800,118800,-5,11,90,90
886,72.6,0.3,0.75,0.05,0.95,46800,64800,-5,11,90,90
887,72.6,0.1,0.75,0.05,0.95,64800,122400,-5,11,90,90
888,72.6,0.5,0.75,0.05,0.95,32400,115200,-5,11,90,90
889,72.6,0.6,0.75,0.05,0.95,64800,122400,-5,11,90,90
890,72.6,0.7,0.75,0.05,0.95,43200,115200,-5,11,90,90
891,72.6,0.8,0.75,0.05,0.95,57600,140400,-5,11,90,90
892,72.6,0.2,0.75,0.05,0.95,28800,39600,-5,11,90,90
893,72.6,0.9,0.75,0.05,0.95,46800,86400,-5,11,90,90
894,72.6,0.4,0.75,0.05,0.95,50400,122400,-5,11,90,90
895,72.6,0.6,0.75,0.05,0.95,64800,151200,-5,11,90,90
896,72.6,0.6,0.75,0.05,0.95,72000,136800,-5,11,90,90
897,72.6,0.2,0.75,0.05,0.95,61200,115200,-5,11,90,90
898,72.6,0.7,0.75,0.05,0.95,61200,140400,-5,11,90,90
899,72.6,0.5,0.75,0.05,0.95,21600,54000,-5,11,90,90
